{"cameraMode":{"drawMode":0,"name":"Shaded","section":"Shading Mode"},"sceneLighting":true,"audioPlay":false,"sceneViewState":{"m_AlwaysRefresh":false,"showFog":true,"showSkybox":true,"showFlares":true,"showImageEffects":true,"showParticleSystems":true,"showVisualEffectGraphs":true,"m_FxEnabled":true},"in2DMode":false,"pivot":{"x":-11.87441349029541,"y":-10.686967849731446,"z":48.498600006103519},"rotation":{"x":-0.14664418995380402,"y":0.04212304577231407,"z":-0.0062505463138222698,"w":-0.9882722496986389},"size":39.7922477722168,"orthographic":false}